algorithm,implementation,size,run,time_in_ms
mergesort,js,small,1,0.000000
mergesort,js,small,2,0.200000
mergesort,js,small,3,0.000000
mergesort,js,small,4,0.100000
mergesort,js,small,5,0.100000
mergesort,js,small,6,0.100000
mergesort,js,small,7,0.100000
mergesort,js,small,8,0.000000
mergesort,js,small,9,0.200000
mergesort,js,small,10,0.000000
mergesort,js,small,11,0.100000
mergesort,js,small,12,0.100000
mergesort,js,small,13,0.100000
mergesort,js,small,14,0.000000
mergesort,js,small,15,0.200000
mergesort,js,small,16,0.100000
mergesort,js,small,17,0.100000
mergesort,js,small,18,0.000000
mergesort,js,small,19,0.200000
mergesort,js,small,20,0.000000
mergesort,js,small,21,0.100000
mergesort,js,small,22,0.100000
mergesort,js,small,23,0.000000
mergesort,js,small,24,0.100000
mergesort,js,small,25,0.200000
mergesort,js,small,26,0.000000
mergesort,js,small,27,0.100000
mergesort,js,small,28,0.100000
mergesort,js,small,29,0.000000
mergesort,js,small,30,0.200000
mergesort,wasm,small,1,0.100000
mergesort,wasm,small,2,0.000000
mergesort,wasm,small,3,0.000000
mergesort,wasm,small,4,0.100000
mergesort,wasm,small,5,0.000000
mergesort,wasm,small,6,0.100000
mergesort,wasm,small,7,0.100000
mergesort,wasm,small,8,0.000000
mergesort,wasm,small,9,0.100000
mergesort,wasm,small,10,0.000000
mergesort,wasm,small,11,0.100000
mergesort,wasm,small,12,0.100000
mergesort,wasm,small,13,0.000000
mergesort,wasm,small,14,0.000000
mergesort,wasm,small,15,0.100000
mergesort,wasm,small,16,0.100000
mergesort,wasm,small,17,0.000000
mergesort,wasm,small,18,0.000000
mergesort,wasm,small,19,0.100000
mergesort,wasm,small,20,0.100000
mergesort,wasm,small,21,0.100000
mergesort,wasm,small,22,0.000000
mergesort,wasm,small,23,0.100000
mergesort,wasm,small,24,0.000000
mergesort,wasm,small,25,0.000000
mergesort,wasm,small,26,0.100000
mergesort,wasm,small,27,0.000000
mergesort,wasm,small,28,0.100000
mergesort,wasm,small,29,0.100000
mergesort,wasm,small,30,0.000000
quicksort,js,small,1,0.000000
quicksort,js,small,2,0.000000
quicksort,js,small,3,0.000000
quicksort,js,small,4,0.100000
quicksort,js,small,5,0.100000
quicksort,js,small,6,0.000000
quicksort,js,small,7,0.000000
quicksort,js,small,8,0.000000
quicksort,js,small,9,0.100000
quicksort,js,small,10,0.100000
quicksort,js,small,11,0.000000
quicksort,js,small,12,0.000000
quicksort,js,small,13,0.100000
quicksort,js,small,14,0.000000
quicksort,js,small,15,0.100000
quicksort,js,small,16,0.000000
quicksort,js,small,17,0.100000
quicksort,js,small,18,0.000000
quicksort,js,small,19,0.000000
quicksort,js,small,20,0.100000
quicksort,js,small,21,0.100000
quicksort,js,small,22,0.000000
quicksort,js,small,23,0.000000
quicksort,js,small,24,0.000000
quicksort,js,small,25,0.000000
quicksort,js,small,26,0.100000
quicksort,js,small,27,0.000000
quicksort,js,small,28,0.100000
quicksort,js,small,29,0.000000
quicksort,js,small,30,0.000000
quicksort,wasm,small,1,0.100000
quicksort,wasm,small,2,0.000000
quicksort,wasm,small,3,0.000000
quicksort,wasm,small,4,0.000000
quicksort,wasm,small,5,0.100000
quicksort,wasm,small,6,0.000000
quicksort,wasm,small,7,0.100000
quicksort,wasm,small,8,0.000000
quicksort,wasm,small,9,0.000000
quicksort,wasm,small,10,0.000000
quicksort,wasm,small,11,0.000000
quicksort,wasm,small,12,0.100000
quicksort,wasm,small,13,0.100000
quicksort,wasm,small,14,0.000000
quicksort,wasm,small,15,0.000000
quicksort,wasm,small,16,0.000000
quicksort,wasm,small,17,0.000000
quicksort,wasm,small,18,0.100000
quicksort,wasm,small,19,0.000000
quicksort,wasm,small,20,0.100000
quicksort,wasm,small,21,0.000000
quicksort,wasm,small,22,0.000000
quicksort,wasm,small,23,0.000000
quicksort,wasm,small,24,0.100000
quicksort,wasm,small,25,0.000000
quicksort,wasm,small,26,0.000000
quicksort,wasm,small,27,0.000000
quicksort,wasm,small,28,0.100000
quicksort,wasm,small,29,0.000000
quicksort,wasm,small,30,0.000000
mergesort,js,medium,1,13.400000
mergesort,js,medium,2,13.500000
mergesort,js,medium,3,13.500000
mergesort,js,medium,4,13.400000
mergesort,js,medium,5,13.500000
mergesort,js,medium,6,13.400000
mergesort,js,medium,7,13.400000
mergesort,js,medium,8,13.300000
mergesort,js,medium,9,13.500000
mergesort,js,medium,10,13.500000
mergesort,js,medium,11,13.500000
mergesort,js,medium,12,13.100000
mergesort,js,medium,13,13.600000
mergesort,js,medium,14,13.600000
mergesort,js,medium,15,13.400000
mergesort,js,medium,16,13.500000
mergesort,js,medium,17,13.500000
mergesort,js,medium,18,13.500000
mergesort,js,medium,19,13.300000
mergesort,js,medium,20,13.700000
mergesort,js,medium,21,13.400000
mergesort,js,medium,22,13.200000
mergesort,js,medium,23,13.500000
mergesort,js,medium,24,13.500000
mergesort,js,medium,25,13.300000
mergesort,js,medium,26,13.600000
mergesort,js,medium,27,13.700000
mergesort,js,medium,28,13.200000
mergesort,js,medium,29,13.300000
mergesort,js,medium,30,13.000000
mergesort,wasm,medium,1,8.500000
mergesort,wasm,medium,2,8.600000
mergesort,wasm,medium,3,8.600000
mergesort,wasm,medium,4,8.600000
mergesort,wasm,medium,5,8.600000
mergesort,wasm,medium,6,8.600000
mergesort,wasm,medium,7,8.600000
mergesort,wasm,medium,8,8.700000
mergesort,wasm,medium,9,8.700000
mergesort,wasm,medium,10,8.600000
mergesort,wasm,medium,11,8.700000
mergesort,wasm,medium,12,8.600000
mergesort,wasm,medium,13,8.800000
mergesort,wasm,medium,14,8.500000
mergesort,wasm,medium,15,8.200000
mergesort,wasm,medium,16,8.800000
mergesort,wasm,medium,17,8.500000
mergesort,wasm,medium,18,8.400000
mergesort,wasm,medium,19,8.400000
mergesort,wasm,medium,20,8.500000
mergesort,wasm,medium,21,8.700000
mergesort,wasm,medium,22,8.700000
mergesort,wasm,medium,23,8.500000
mergesort,wasm,medium,24,8.700000
mergesort,wasm,medium,25,8.500000
mergesort,wasm,medium,26,8.600000
mergesort,wasm,medium,27,8.600000
mergesort,wasm,medium,28,8.700000
mergesort,wasm,medium,29,8.500000
mergesort,wasm,medium,30,8.300000
quicksort,js,medium,1,7.000000
quicksort,js,medium,2,6.800000
quicksort,js,medium,3,6.900000
quicksort,js,medium,4,6.800000
quicksort,js,medium,5,6.900000
quicksort,js,medium,6,6.900000
quicksort,js,medium,7,6.900000
quicksort,js,medium,8,6.900000
quicksort,js,medium,9,6.500000
quicksort,js,medium,10,7.000000
quicksort,js,medium,11,6.900000
quicksort,js,medium,12,6.800000
quicksort,js,medium,13,7.000000
quicksort,js,medium,14,7.200000
quicksort,js,medium,15,6.800000
quicksort,js,medium,16,6.800000
quicksort,js,medium,17,6.900000
quicksort,js,medium,18,7.000000
quicksort,js,medium,19,6.800000
quicksort,js,medium,20,6.600000
quicksort,js,medium,21,7.000000
quicksort,js,medium,22,6.900000
quicksort,js,medium,23,6.900000
quicksort,js,medium,24,6.900000
quicksort,js,medium,25,6.700000
quicksort,js,medium,26,6.800000
quicksort,js,medium,27,6.900000
quicksort,js,medium,28,6.900000
quicksort,js,medium,29,6.800000
quicksort,js,medium,30,7.000000
quicksort,wasm,medium,1,8.300000
quicksort,wasm,medium,2,8.100000
quicksort,wasm,medium,3,8.000000
quicksort,wasm,medium,4,8.400000
quicksort,wasm,medium,5,8.200000
quicksort,wasm,medium,6,8.200000
quicksort,wasm,medium,7,7.800000
quicksort,wasm,medium,8,8.200000
quicksort,wasm,medium,9,8.200000
quicksort,wasm,medium,10,7.900000
quicksort,wasm,medium,11,8.400000
quicksort,wasm,medium,12,8.000000
quicksort,wasm,medium,13,8.100000
quicksort,wasm,medium,14,8.100000
quicksort,wasm,medium,15,8.300000
quicksort,wasm,medium,16,8.100000
quicksort,wasm,medium,17,8.100000
quicksort,wasm,medium,18,8.100000
quicksort,wasm,medium,19,8.200000
quicksort,wasm,medium,20,8.100000
quicksort,wasm,medium,21,8.200000
quicksort,wasm,medium,22,8.100000
quicksort,wasm,medium,23,8.100000
quicksort,wasm,medium,24,8.200000
quicksort,wasm,medium,25,8.100000
quicksort,wasm,medium,26,8.200000
quicksort,wasm,medium,27,8.100000
quicksort,wasm,medium,28,8.000000
quicksort,wasm,medium,29,8.200000
quicksort,wasm,medium,30,8.100000
mergesort,js,large,1,158.800000
mergesort,js,large,2,158.500000
mergesort,js,large,3,157.900000
mergesort,js,large,4,159.100000
mergesort,js,large,5,158.400000
mergesort,js,large,6,157.700000
mergesort,js,large,7,159.400000
mergesort,js,large,8,170.700000
mergesort,js,large,9,170.300000
mergesort,js,large,10,161.900000
mergesort,js,large,11,158.900000
mergesort,js,large,12,158.000000
mergesort,js,large,13,158.300000
mergesort,js,large,14,158.900000
mergesort,js,large,15,158.400000
mergesort,js,large,16,158.700000
mergesort,js,large,17,159.200000
mergesort,js,large,18,158.700000
mergesort,js,large,19,158.400000
mergesort,js,large,20,158.700000
mergesort,js,large,21,158.700000
mergesort,js,large,22,158.600000
mergesort,js,large,23,159.300000
mergesort,js,large,24,158.900000
mergesort,js,large,25,158.000000
mergesort,js,large,26,159.100000
mergesort,js,large,27,158.400000
mergesort,js,large,28,158.600000
mergesort,js,large,29,158.500000
mergesort,js,large,30,159.200000
mergesort,wasm,large,1,99.700000
mergesort,wasm,large,2,100.100000
mergesort,wasm,large,3,99.200000
mergesort,wasm,large,4,100.100000
mergesort,wasm,large,5,100.500000
mergesort,wasm,large,6,99.200000
mergesort,wasm,large,7,99.700000
mergesort,wasm,large,8,100.200000
mergesort,wasm,large,9,99.600000
mergesort,wasm,large,10,99.800000
mergesort,wasm,large,11,100.000000
mergesort,wasm,large,12,100.000000
mergesort,wasm,large,13,99.700000
mergesort,wasm,large,14,100.200000
mergesort,wasm,large,15,99.300000
mergesort,wasm,large,16,99.600000
mergesort,wasm,large,17,102.400000
mergesort,wasm,large,18,101.500000
mergesort,wasm,large,19,100.900000
mergesort,wasm,large,20,99.200000
mergesort,wasm,large,21,100.400000
mergesort,wasm,large,22,100.600000
mergesort,wasm,large,23,100.300000
mergesort,wasm,large,24,100.000000
mergesort,wasm,large,25,99.600000
mergesort,wasm,large,26,99.800000
mergesort,wasm,large,27,99.500000
mergesort,wasm,large,28,99.800000
mergesort,wasm,large,29,100.000000
mergesort,wasm,large,30,99.900000
quicksort,js,large,1,81.000000
quicksort,js,large,2,81.400000
quicksort,js,large,3,81.300000
quicksort,js,large,4,81.200000
quicksort,js,large,5,80.300000
quicksort,js,large,6,80.400000
quicksort,js,large,7,80.900000
quicksort,js,large,8,81.100000
quicksort,js,large,9,81.000000
quicksort,js,large,10,81.300000
quicksort,js,large,11,81.200000
quicksort,js,large,12,81.000000
quicksort,js,large,13,80.800000
quicksort,js,large,14,81.300000
quicksort,js,large,15,80.800000
quicksort,js,large,16,81.500000
quicksort,js,large,17,81.200000
quicksort,js,large,18,81.200000
quicksort,js,large,19,81.500000
quicksort,js,large,20,81.600000
quicksort,js,large,21,81.800000
quicksort,js,large,22,81.800000
quicksort,js,large,23,81.700000
quicksort,js,large,24,81.800000
quicksort,js,large,25,81.300000
quicksort,js,large,26,81.500000
quicksort,js,large,27,85.400000
quicksort,js,large,28,81.100000
quicksort,js,large,29,83.100000
quicksort,js,large,30,81.400000
quicksort,wasm,large,1,97.100000
quicksort,wasm,large,2,97.200000
quicksort,wasm,large,3,96.400000
quicksort,wasm,large,4,97.200000
quicksort,wasm,large,5,97.300000
quicksort,wasm,large,6,99.800000
quicksort,wasm,large,7,96.900000
quicksort,wasm,large,8,97.500000
quicksort,wasm,large,9,97.500000
quicksort,wasm,large,10,97.900000
quicksort,wasm,large,11,97.300000
quicksort,wasm,large,12,97.200000
quicksort,wasm,large,13,97.100000
quicksort,wasm,large,14,96.700000
quicksort,wasm,large,15,97.000000
quicksort,wasm,large,16,98.000000
quicksort,wasm,large,17,96.900000
quicksort,wasm,large,18,97.300000
quicksort,wasm,large,19,97.400000
quicksort,wasm,large,20,97.100000
quicksort,wasm,large,21,98.600000
quicksort,wasm,large,22,97.000000
quicksort,wasm,large,23,97.500000
quicksort,wasm,large,24,97.400000
quicksort,wasm,large,25,96.600000
quicksort,wasm,large,26,96.800000
quicksort,wasm,large,27,96.700000
quicksort,wasm,large,28,97.000000
quicksort,wasm,large,29,96.900000
quicksort,wasm,large,30,97.000000
mergesort,js,very_large,1,1841.700000
mergesort,js,very_large,2,1851.000000
mergesort,js,very_large,3,1849.900000
mergesort,js,very_large,4,1852.400000
mergesort,js,very_large,5,1844.800000
mergesort,js,very_large,6,1842.300000
mergesort,js,very_large,7,1850.000000
mergesort,js,very_large,8,1902.600000
mergesort,js,very_large,9,1856.900000
mergesort,js,very_large,10,1840.500000
mergesort,js,very_large,11,1840.300000
mergesort,js,very_large,12,1837.300000
mergesort,js,very_large,13,1841.800000
mergesort,js,very_large,14,1835.600000
mergesort,js,very_large,15,1846.300000
mergesort,js,very_large,16,1843.800000
mergesort,js,very_large,17,1842.100000
mergesort,js,very_large,18,1846.300000
mergesort,js,very_large,19,1841.300000
mergesort,js,very_large,20,1851.600000
mergesort,js,very_large,21,1863.100000
mergesort,js,very_large,22,1841.300000
mergesort,js,very_large,23,1842.800000
mergesort,js,very_large,24,1841.800000
mergesort,js,very_large,25,1842.900000
mergesort,js,very_large,26,1839.400000
mergesort,js,very_large,27,1842.400000
mergesort,js,very_large,28,1834.100000
mergesort,js,very_large,29,1842.000000
mergesort,js,very_large,30,1848.300000
mergesort,wasm,very_large,1,1144.700000
mergesort,wasm,very_large,2,1154.900000
mergesort,wasm,very_large,3,1146.200000
mergesort,wasm,very_large,4,1160.700000
mergesort,wasm,very_large,5,1147.200000
mergesort,wasm,very_large,6,1149.300000
mergesort,wasm,very_large,7,1152.600000
mergesort,wasm,very_large,8,1147.600000
mergesort,wasm,very_large,9,1150.800000
mergesort,wasm,very_large,10,1148.100000
mergesort,wasm,very_large,11,1149.600000
mergesort,wasm,very_large,12,1147.200000
mergesort,wasm,very_large,13,1150.000000
mergesort,wasm,very_large,14,1153.300000
mergesort,wasm,very_large,15,1151.300000
mergesort,wasm,very_large,16,1146.200000
mergesort,wasm,very_large,17,1143.700000
mergesort,wasm,very_large,18,1147.900000
mergesort,wasm,very_large,19,1150.100000
mergesort,wasm,very_large,20,1147.900000
mergesort,wasm,very_large,21,1148.500000
mergesort,wasm,very_large,22,1146.800000
mergesort,wasm,very_large,23,1145.700000
mergesort,wasm,very_large,24,1146.000000
mergesort,wasm,very_large,25,1145.800000
mergesort,wasm,very_large,26,1144.200000
mergesort,wasm,very_large,27,1147.800000
mergesort,wasm,very_large,28,1145.800000
mergesort,wasm,very_large,29,1145.700000
mergesort,wasm,very_large,30,1148.200000
quicksort,js,very_large,1,957.000000
quicksort,js,very_large,2,952.200000
quicksort,js,very_large,3,953.100000
quicksort,js,very_large,4,955.500000
quicksort,js,very_large,5,951.300000
quicksort,js,very_large,6,954.800000
quicksort,js,very_large,7,952.600000
quicksort,js,very_large,8,954.500000
quicksort,js,very_large,9,952.900000
quicksort,js,very_large,10,955.100000
quicksort,js,very_large,11,955.400000
quicksort,js,very_large,12,956.300000
quicksort,js,very_large,13,955.000000
quicksort,js,very_large,14,952.300000
quicksort,js,very_large,15,952.500000
quicksort,js,very_large,16,953.300000
quicksort,js,very_large,17,952.600000
quicksort,js,very_large,18,952.400000
quicksort,js,very_large,19,951.400000
quicksort,js,very_large,20,953.300000
quicksort,js,very_large,21,952.200000
quicksort,js,very_large,22,954.000000
quicksort,js,very_large,23,953.500000
quicksort,js,very_large,24,952.800000
quicksort,js,very_large,25,965.000000
quicksort,js,very_large,26,955.000000
quicksort,js,very_large,27,952.800000
quicksort,js,very_large,28,956.300000
quicksort,js,very_large,29,951.500000
quicksort,js,very_large,30,953.300000
quicksort,wasm,very_large,1,1133.700000
quicksort,wasm,very_large,2,1133.000000
quicksort,wasm,very_large,3,1128.300000
quicksort,wasm,very_large,4,1129.300000
quicksort,wasm,very_large,5,1131.800000
quicksort,wasm,very_large,6,1126.900000
quicksort,wasm,very_large,7,1127.000000
quicksort,wasm,very_large,8,1126.100000
quicksort,wasm,very_large,9,1128.800000
quicksort,wasm,very_large,10,1126.400000
quicksort,wasm,very_large,11,1134.800000
quicksort,wasm,very_large,12,1133.100000
quicksort,wasm,very_large,13,1133.900000
quicksort,wasm,very_large,14,1126.600000
quicksort,wasm,very_large,15,1130.500000
quicksort,wasm,very_large,16,1128.800000
quicksort,wasm,very_large,17,1128.100000
quicksort,wasm,very_large,18,1127.400000
quicksort,wasm,very_large,19,1129.400000
quicksort,wasm,very_large,20,1134.300000
quicksort,wasm,very_large,21,1130.300000
quicksort,wasm,very_large,22,1128.200000
quicksort,wasm,very_large,23,1127.900000
quicksort,wasm,very_large,24,1130.500000
quicksort,wasm,very_large,25,1130.800000
quicksort,wasm,very_large,26,1128.100000
quicksort,wasm,very_large,27,1131.300000
quicksort,wasm,very_large,28,1140.600000
quicksort,wasm,very_large,29,1134.100000
quicksort,wasm,very_large,30,1132.100000
bfs,js,small,1,0.100000
bfs,js,small,2,0.000000
bfs,js,small,3,0.100000
bfs,js,small,4,0.000000
bfs,js,small,5,0.000000
bfs,js,small,6,0.000000
bfs,js,small,7,0.100000
bfs,js,small,8,0.000000
bfs,js,small,9,0.000000
bfs,js,small,10,0.100000
bfs,js,small,11,0.000000
bfs,js,small,12,0.000000
bfs,js,small,13,0.000000
bfs,js,small,14,0.000000
bfs,js,small,15,0.000000
bfs,js,small,16,0.000000
bfs,js,small,17,0.100000
bfs,js,small,18,0.000000
bfs,js,small,19,0.000000
bfs,js,small,20,0.000000
bfs,js,small,21,0.000000
bfs,js,small,22,0.000000
bfs,js,small,23,0.000000
bfs,js,small,24,0.000000
bfs,js,small,25,0.000000
bfs,js,small,26,0.000000
bfs,js,small,27,0.000000
bfs,js,small,28,0.100000
bfs,js,small,29,0.000000
bfs,js,small,30,0.000000
bfs,wasm,small,1,0.000000
bfs,wasm,small,2,0.000000
bfs,wasm,small,3,0.000000
bfs,wasm,small,4,0.000000
bfs,wasm,small,5,0.000000
bfs,wasm,small,6,0.000000
bfs,wasm,small,7,0.000000
bfs,wasm,small,8,0.000000
bfs,wasm,small,9,0.000000
bfs,wasm,small,10,0.000000
bfs,wasm,small,11,0.000000
bfs,wasm,small,12,0.000000
bfs,wasm,small,13,0.000000
bfs,wasm,small,14,0.000000
bfs,wasm,small,15,0.000000
bfs,wasm,small,16,0.100000
bfs,wasm,small,17,0.000000
bfs,wasm,small,18,0.100000
bfs,wasm,small,19,0.000000
bfs,wasm,small,20,0.000000
bfs,wasm,small,21,0.000000
bfs,wasm,small,22,0.000000
bfs,wasm,small,23,0.000000
bfs,wasm,small,24,0.000000
bfs,wasm,small,25,0.000000
bfs,wasm,small,26,0.000000
bfs,wasm,small,27,0.000000
bfs,wasm,small,28,0.000000
bfs,wasm,small,29,0.000000
bfs,wasm,small,30,0.000000
bfs,js,medium,1,0.100000
bfs,js,medium,2,0.100000
bfs,js,medium,3,0.100000
bfs,js,medium,4,0.200000
bfs,js,medium,5,0.000000
bfs,js,medium,6,0.200000
bfs,js,medium,7,0.100000
bfs,js,medium,8,0.200000
bfs,js,medium,9,0.000000
bfs,js,medium,10,0.100000
bfs,js,medium,11,0.200000
bfs,js,medium,12,0.100000
bfs,js,medium,13,0.200000
bfs,js,medium,14,0.100000
bfs,js,medium,15,0.100000
bfs,js,medium,16,0.100000
bfs,js,medium,17,0.200000
bfs,js,medium,18,0.000000
bfs,js,medium,19,0.200000
bfs,js,medium,20,0.100000
bfs,js,medium,21,0.100000
bfs,js,medium,22,0.200000
bfs,js,medium,23,0.100000
bfs,js,medium,24,0.000000
bfs,js,medium,25,0.100000
bfs,js,medium,26,0.200000
bfs,js,medium,27,0.200000
bfs,js,medium,28,0.100000
bfs,js,medium,29,0.100000
bfs,js,medium,30,0.100000
bfs,wasm,medium,1,0.100000
bfs,wasm,medium,2,0.100000
bfs,wasm,medium,3,0.300000
bfs,wasm,medium,4,0.100000
bfs,wasm,medium,5,0.200000
bfs,wasm,medium,6,0.200000
bfs,wasm,medium,7,0.000000
bfs,wasm,medium,8,0.300000
bfs,wasm,medium,9,0.000000
bfs,wasm,medium,10,0.300000
bfs,wasm,medium,11,0.100000
bfs,wasm,medium,12,0.100000
bfs,wasm,medium,13,0.200000
bfs,wasm,medium,14,0.100000
bfs,wasm,medium,15,0.200000
bfs,wasm,medium,16,0.200000
bfs,wasm,medium,17,0.100000
bfs,wasm,medium,18,0.200000
bfs,wasm,medium,19,0.100000
bfs,wasm,medium,20,0.200000
bfs,wasm,medium,21,0.100000
bfs,wasm,medium,22,0.200000
bfs,wasm,medium,23,0.200000
bfs,wasm,medium,24,0.100000
bfs,wasm,medium,25,0.200000
bfs,wasm,medium,26,0.100000
bfs,wasm,medium,27,0.200000
bfs,wasm,medium,28,0.100000
bfs,wasm,medium,29,0.200000
bfs,wasm,medium,30,0.100000
bfs,js,large,1,2.100000
bfs,js,large,2,1.900000
bfs,js,large,3,1.900000
bfs,js,large,4,2.700000
bfs,js,large,5,2.000000
bfs,js,large,6,1.800000
bfs,js,large,7,1.700000
bfs,js,large,8,2.400000
bfs,js,large,9,2.000000
bfs,js,large,10,1.700000
bfs,js,large,11,1.700000
bfs,js,large,12,2.000000
bfs,js,large,13,1.900000
bfs,js,large,14,2.200000
bfs,js,large,15,2.000000
bfs,js,large,16,1.800000
bfs,js,large,17,2.100000
bfs,js,large,18,2.100000
bfs,js,large,19,2.000000
bfs,js,large,20,1.600000
bfs,js,large,21,1.900000
bfs,js,large,22,1.700000
bfs,js,large,23,1.700000
bfs,js,large,24,1.600000
bfs,js,large,25,1.900000
bfs,js,large,26,2.200000
bfs,js,large,27,1.700000
bfs,js,large,28,1.600000
bfs,js,large,29,1.700000
bfs,js,large,30,2.000000
bfs,wasm,large,1,1.900000
bfs,wasm,large,2,2.200000
bfs,wasm,large,3,2.300000
bfs,wasm,large,4,2.500000
bfs,wasm,large,5,2.000000
bfs,wasm,large,6,2.200000
bfs,wasm,large,7,1.900000
bfs,wasm,large,8,2.200000
bfs,wasm,large,9,2.100000
bfs,wasm,large,10,2.100000
bfs,wasm,large,11,1.900000
bfs,wasm,large,12,2.000000
bfs,wasm,large,13,2.300000
bfs,wasm,large,14,2.700000
bfs,wasm,large,15,2.200000
bfs,wasm,large,16,2.200000
bfs,wasm,large,17,2.500000
bfs,wasm,large,18,2.100000
bfs,wasm,large,19,1.900000
bfs,wasm,large,20,1.900000
bfs,wasm,large,21,2.100000
bfs,wasm,large,22,2.500000
bfs,wasm,large,23,2.000000
bfs,wasm,large,24,2.000000
bfs,wasm,large,25,2.200000
bfs,wasm,large,26,2.300000
bfs,wasm,large,27,2.100000
bfs,wasm,large,28,1.900000
bfs,wasm,large,29,2.500000
bfs,wasm,large,30,1.900000
bfs,js,very_large,1,42.100000
bfs,js,very_large,2,39.500000
bfs,js,very_large,3,52.000000
bfs,js,very_large,4,52.200000
bfs,js,very_large,5,50.600000
bfs,js,very_large,6,52.700000
bfs,js,very_large,7,49.500000
bfs,js,very_large,8,51.100000
bfs,js,very_large,9,51.500000
bfs,js,very_large,10,51.300000
bfs,js,very_large,11,50.400000
bfs,js,very_large,12,48.700000
bfs,js,very_large,13,43.800000
bfs,js,very_large,14,44.500000
bfs,js,very_large,15,38.700000
bfs,js,very_large,16,43.200000
bfs,js,very_large,17,50.300000
bfs,js,very_large,18,48.800000
bfs,js,very_large,19,57.200000
bfs,js,very_large,20,72.300000
bfs,js,very_large,21,61.300000
bfs,js,very_large,22,50.200000
bfs,js,very_large,23,48.200000
bfs,js,very_large,24,38.900000
bfs,js,very_large,25,38.600000
bfs,js,very_large,26,39.000000
bfs,js,very_large,27,39.600000
bfs,js,very_large,28,34.000000
bfs,js,very_large,29,38.400000
bfs,js,very_large,30,32.800000
bfs,wasm,very_large,1,40.300000
bfs,wasm,very_large,2,42.900000
bfs,wasm,very_large,3,43.700000
bfs,wasm,very_large,4,43.500000
bfs,wasm,very_large,5,52.800000
bfs,wasm,very_large,6,56.000000
bfs,wasm,very_large,7,58.300000
bfs,wasm,very_large,8,58.800000
bfs,wasm,very_large,9,57.400000
bfs,wasm,very_large,10,52.000000
bfs,wasm,very_large,11,53.100000
bfs,wasm,very_large,12,46.700000
bfs,wasm,very_large,13,45.800000
bfs,wasm,very_large,14,44.700000
bfs,wasm,very_large,15,43.900000
bfs,wasm,very_large,16,55.200000
bfs,wasm,very_large,17,53.800000
bfs,wasm,very_large,18,48.700000
bfs,wasm,very_large,19,57.500000
bfs,wasm,very_large,20,48.700000
bfs,wasm,very_large,21,43.900000
bfs,wasm,very_large,22,45.500000
bfs,wasm,very_large,23,42.600000
bfs,wasm,very_large,24,61.700000
bfs,wasm,very_large,25,66.600000
bfs,wasm,very_large,26,63.800000
bfs,wasm,very_large,27,62.100000
bfs,wasm,very_large,28,70.300000
bfs,wasm,very_large,29,68.600000
bfs,wasm,very_large,30,73.500000
dijkstra,js,small,1,0.200000
dijkstra,js,small,2,0.300000
dijkstra,js,small,3,0.200000
dijkstra,js,small,4,0.100000
dijkstra,js,small,5,0.300000
dijkstra,js,small,6,0.100000
dijkstra,js,small,7,0.200000
dijkstra,js,small,8,0.200000
dijkstra,js,small,9,0.100000
dijkstra,js,small,10,0.300000
dijkstra,js,small,11,0.000000
dijkstra,js,small,12,0.300000
dijkstra,js,small,13,0.100000
dijkstra,js,small,14,0.100000
dijkstra,js,small,15,0.200000
dijkstra,js,small,16,0.100000
dijkstra,js,small,17,0.200000
dijkstra,js,small,18,0.300000
dijkstra,js,small,19,0.200000
dijkstra,js,small,20,0.200000
dijkstra,js,small,21,0.100000
dijkstra,js,small,22,0.100000
dijkstra,js,small,23,0.300000
dijkstra,js,small,24,0.000000
dijkstra,js,small,25,0.200000
dijkstra,js,small,26,0.200000
dijkstra,js,small,27,0.100000
dijkstra,js,small,28,0.100000
dijkstra,js,small,29,0.200000
dijkstra,js,small,30,0.100000
dijkstra,wasm,small,1,0.100000
dijkstra,wasm,small,2,0.100000
dijkstra,wasm,small,3,0.200000
dijkstra,wasm,small,4,0.100000
dijkstra,wasm,small,5,0.200000
dijkstra,wasm,small,6,0.100000
dijkstra,wasm,small,7,0.100000
dijkstra,wasm,small,8,0.200000
dijkstra,wasm,small,9,0.100000
dijkstra,wasm,small,10,0.200000
dijkstra,wasm,small,11,0.100000
dijkstra,wasm,small,12,0.200000
dijkstra,wasm,small,13,0.000000
dijkstra,wasm,small,14,0.200000
dijkstra,wasm,small,15,0.200000
dijkstra,wasm,small,16,0.100000
dijkstra,wasm,small,17,0.100000
dijkstra,wasm,small,18,0.100000
dijkstra,wasm,small,19,0.200000
dijkstra,wasm,small,20,0.100000
dijkstra,wasm,small,21,0.200000
dijkstra,wasm,small,22,0.000000
dijkstra,wasm,small,23,0.300000
dijkstra,wasm,small,24,0.000000
dijkstra,wasm,small,25,0.200000
dijkstra,wasm,small,26,0.200000
dijkstra,wasm,small,27,0.100000
dijkstra,wasm,small,28,0.100000
dijkstra,wasm,small,29,0.100000
dijkstra,wasm,small,30,0.100000
dijkstra,js,medium,1,1.600000
dijkstra,js,medium,2,1.500000
dijkstra,js,medium,3,1.700000
dijkstra,js,medium,4,1.500000
dijkstra,js,medium,5,1.600000
dijkstra,js,medium,6,1.700000
dijkstra,js,medium,7,1.700000
dijkstra,js,medium,8,1.600000
dijkstra,js,medium,9,1.600000
dijkstra,js,medium,10,1.600000
dijkstra,js,medium,11,1.500000
dijkstra,js,medium,12,1.700000
dijkstra,js,medium,13,1.700000
dijkstra,js,medium,14,1.700000
dijkstra,js,medium,15,1.700000
dijkstra,js,medium,16,1.600000
dijkstra,js,medium,17,1.700000
dijkstra,js,medium,18,1.700000
dijkstra,js,medium,19,1.700000
dijkstra,js,medium,20,1.700000
dijkstra,js,medium,21,1.800000
dijkstra,js,medium,22,1.700000
dijkstra,js,medium,23,1.700000
dijkstra,js,medium,24,1.600000
dijkstra,js,medium,25,1.800000
dijkstra,js,medium,26,1.700000
dijkstra,js,medium,27,1.700000
dijkstra,js,medium,28,1.500000
dijkstra,js,medium,29,1.700000
dijkstra,js,medium,30,1.600000
dijkstra,wasm,medium,1,2.200000
dijkstra,wasm,medium,2,2.100000
dijkstra,wasm,medium,3,2.200000
dijkstra,wasm,medium,4,2.100000
dijkstra,wasm,medium,5,2.100000
dijkstra,wasm,medium,6,2.200000
dijkstra,wasm,medium,7,2.200000
dijkstra,wasm,medium,8,2.100000
dijkstra,wasm,medium,9,2.200000
dijkstra,wasm,medium,10,2.200000
dijkstra,wasm,medium,11,2.100000
dijkstra,wasm,medium,12,2.100000
dijkstra,wasm,medium,13,2.000000
dijkstra,wasm,medium,14,2.200000
dijkstra,wasm,medium,15,2.200000
dijkstra,wasm,medium,16,2.100000
dijkstra,wasm,medium,17,2.100000
dijkstra,wasm,medium,18,2.000000
dijkstra,wasm,medium,19,2.300000
dijkstra,wasm,medium,20,2.200000
dijkstra,wasm,medium,21,2.100000
dijkstra,wasm,medium,22,2.000000
dijkstra,wasm,medium,23,2.200000
dijkstra,wasm,medium,24,2.100000
dijkstra,wasm,medium,25,2.200000
dijkstra,wasm,medium,26,2.200000
dijkstra,wasm,medium,27,2.000000
dijkstra,wasm,medium,28,2.200000
dijkstra,wasm,medium,29,2.200000
dijkstra,wasm,medium,30,2.200000
dijkstra,js,large,1,21.800000
dijkstra,js,large,2,21.600000
dijkstra,js,large,3,21.000000
dijkstra,js,large,4,22.300000
dijkstra,js,large,5,21.500000
dijkstra,js,large,6,21.200000
dijkstra,js,large,7,20.700000
dijkstra,js,large,8,20.700000
dijkstra,js,large,9,20.200000
dijkstra,js,large,10,20.200000
dijkstra,js,large,11,20.300000
dijkstra,js,large,12,20.900000
dijkstra,js,large,13,20.800000
dijkstra,js,large,14,21.700000
dijkstra,js,large,15,20.200000
dijkstra,js,large,16,22.800000
dijkstra,js,large,17,21.200000
dijkstra,js,large,18,21.900000
dijkstra,js,large,19,20.700000
dijkstra,js,large,20,20.700000
dijkstra,js,large,21,20.700000
dijkstra,js,large,22,21.000000
dijkstra,js,large,23,21.200000
dijkstra,js,large,24,21.200000
dijkstra,js,large,25,21.100000
dijkstra,js,large,26,22.300000
dijkstra,js,large,27,22.000000
dijkstra,js,large,28,21.200000
dijkstra,js,large,29,21.300000
dijkstra,js,large,30,20.500000
dijkstra,wasm,large,1,28.900000
dijkstra,wasm,large,2,29.100000
dijkstra,wasm,large,3,29.000000
dijkstra,wasm,large,4,27.400000
dijkstra,wasm,large,5,28.100000
dijkstra,wasm,large,6,28.900000
dijkstra,wasm,large,7,29.300000
dijkstra,wasm,large,8,27.000000
dijkstra,wasm,large,9,28.200000
dijkstra,wasm,large,10,28.300000
dijkstra,wasm,large,11,27.700000
dijkstra,wasm,large,12,28.300000
dijkstra,wasm,large,13,27.100000
dijkstra,wasm,large,14,28.700000
dijkstra,wasm,large,15,28.000000
dijkstra,wasm,large,16,28.400000
dijkstra,wasm,large,17,27.500000
dijkstra,wasm,large,18,28.900000
dijkstra,wasm,large,19,28.300000
dijkstra,wasm,large,20,27.700000
dijkstra,wasm,large,21,28.400000
dijkstra,wasm,large,22,29.800000
dijkstra,wasm,large,23,30.900000
dijkstra,wasm,large,24,31.000000
dijkstra,wasm,large,25,31.800000
dijkstra,wasm,large,26,30.800000
dijkstra,wasm,large,27,29.900000
dijkstra,wasm,large,28,31.300000
dijkstra,wasm,large,29,35.200000
dijkstra,wasm,large,30,28.300000
dijkstra,js,very_large,1,345.500000
dijkstra,js,very_large,2,351.200000
dijkstra,js,very_large,3,348.100000
dijkstra,js,very_large,4,340.000000
dijkstra,js,very_large,5,339.300000
dijkstra,js,very_large,6,334.500000
dijkstra,js,very_large,7,338.600000
dijkstra,js,very_large,8,338.900000
dijkstra,js,very_large,9,336.300000
dijkstra,js,very_large,10,339.900000
dijkstra,js,very_large,11,339.400000
dijkstra,js,very_large,12,400.700000
dijkstra,js,very_large,13,394.700000
dijkstra,js,very_large,14,372.600000
dijkstra,js,very_large,15,391.700000
dijkstra,js,very_large,16,392.000000
dijkstra,js,very_large,17,380.000000
dijkstra,js,very_large,18,395.100000
dijkstra,js,very_large,19,394.100000
dijkstra,js,very_large,20,364.400000
dijkstra,js,very_large,21,338.000000
dijkstra,js,very_large,22,332.500000
dijkstra,js,very_large,23,343.500000
dijkstra,js,very_large,24,337.200000
dijkstra,js,very_large,25,335.900000
dijkstra,js,very_large,26,339.100000
dijkstra,js,very_large,27,334.300000
dijkstra,js,very_large,28,336.100000
dijkstra,js,very_large,29,345.100000
dijkstra,js,very_large,30,334.800000
dijkstra,wasm,very_large,1,455.300000
dijkstra,wasm,very_large,2,446.800000
dijkstra,wasm,very_large,3,444.200000
dijkstra,wasm,very_large,4,450.500000
dijkstra,wasm,very_large,5,447.200000
dijkstra,wasm,very_large,6,459.300000
dijkstra,wasm,very_large,7,469.800000
dijkstra,wasm,very_large,8,429.400000
dijkstra,wasm,very_large,9,425.200000
dijkstra,wasm,very_large,10,457.600000
dijkstra,wasm,very_large,11,507.400000
dijkstra,wasm,very_large,12,450.200000
dijkstra,wasm,very_large,13,482.500000
dijkstra,wasm,very_large,14,446.600000
dijkstra,wasm,very_large,15,504.900000
dijkstra,wasm,very_large,16,502.100000
dijkstra,wasm,very_large,17,505.400000
dijkstra,wasm,very_large,18,497.600000
dijkstra,wasm,very_large,19,486.000000
dijkstra,wasm,very_large,20,468.200000
dijkstra,wasm,very_large,21,471.400000
dijkstra,wasm,very_large,22,434.600000
dijkstra,wasm,very_large,23,476.800000
dijkstra,wasm,very_large,24,506.000000
dijkstra,wasm,very_large,25,484.300000
dijkstra,wasm,very_large,26,464.800000
dijkstra,wasm,very_large,27,455.600000
dijkstra,wasm,very_large,28,453.000000
dijkstra,wasm,very_large,29,448.900000
dijkstra,wasm,very_large,30,511.400000
matrix_multiplication,js,small,1,0.400000
matrix_multiplication,js,small,2,0.400000
matrix_multiplication,js,small,3,0.300000
matrix_multiplication,js,small,4,0.400000
matrix_multiplication,js,small,5,0.300000
matrix_multiplication,js,small,6,0.400000
matrix_multiplication,js,small,7,0.400000
matrix_multiplication,js,small,8,0.400000
matrix_multiplication,js,small,9,0.300000
matrix_multiplication,js,small,10,0.400000
matrix_multiplication,js,small,11,0.300000
matrix_multiplication,js,small,12,0.300000
matrix_multiplication,js,small,13,0.400000
matrix_multiplication,js,small,14,0.400000
matrix_multiplication,js,small,15,0.300000
matrix_multiplication,js,small,16,0.400000
matrix_multiplication,js,small,17,0.300000
matrix_multiplication,js,small,18,0.500000
matrix_multiplication,js,small,19,0.400000
matrix_multiplication,js,small,20,0.400000
matrix_multiplication,js,small,21,0.400000
matrix_multiplication,js,small,22,0.400000
matrix_multiplication,js,small,23,0.400000
matrix_multiplication,js,small,24,0.400000
matrix_multiplication,js,small,25,0.400000
matrix_multiplication,js,small,26,0.400000
matrix_multiplication,js,small,27,0.400000
matrix_multiplication,js,small,28,0.300000
matrix_multiplication,js,small,29,0.400000
matrix_multiplication,js,small,30,0.400000
matrix_multiplication,wasm,small,1,0.500000
matrix_multiplication,wasm,small,2,0.600000
matrix_multiplication,wasm,small,3,0.500000
matrix_multiplication,wasm,small,4,0.700000
matrix_multiplication,wasm,small,5,0.600000
matrix_multiplication,wasm,small,6,0.500000
matrix_multiplication,wasm,small,7,0.600000
matrix_multiplication,wasm,small,8,0.500000
matrix_multiplication,wasm,small,9,0.600000
matrix_multiplication,wasm,small,10,0.600000
matrix_multiplication,wasm,small,11,0.600000
matrix_multiplication,wasm,small,12,0.700000
matrix_multiplication,wasm,small,13,0.500000
matrix_multiplication,wasm,small,14,0.700000
matrix_multiplication,wasm,small,15,0.500000
matrix_multiplication,wasm,small,16,0.600000
matrix_multiplication,wasm,small,17,0.600000
matrix_multiplication,wasm,small,18,0.600000
matrix_multiplication,wasm,small,19,0.500000
matrix_multiplication,wasm,small,20,0.600000
matrix_multiplication,wasm,small,21,0.700000
matrix_multiplication,wasm,small,22,0.500000
matrix_multiplication,wasm,small,23,0.700000
matrix_multiplication,wasm,small,24,0.600000
matrix_multiplication,wasm,small,25,0.500000
matrix_multiplication,wasm,small,26,0.600000
matrix_multiplication,wasm,small,27,0.600000
matrix_multiplication,wasm,small,28,0.600000
matrix_multiplication,wasm,small,29,0.500000
matrix_multiplication,wasm,small,30,0.700000
matrix_multiplication,js,medium,1,22.600000
matrix_multiplication,js,medium,2,22.500000
matrix_multiplication,js,medium,3,22.300000
matrix_multiplication,js,medium,4,22.800000
matrix_multiplication,js,medium,5,22.800000
matrix_multiplication,js,medium,6,22.800000
matrix_multiplication,js,medium,7,22.700000
matrix_multiplication,js,medium,8,22.500000
matrix_multiplication,js,medium,9,22.500000
matrix_multiplication,js,medium,10,22.900000
matrix_multiplication,js,medium,11,22.800000
matrix_multiplication,js,medium,12,22.700000
matrix_multiplication,js,medium,13,22.700000
matrix_multiplication,js,medium,14,22.600000
matrix_multiplication,js,medium,15,22.600000
matrix_multiplication,js,medium,16,22.600000
matrix_multiplication,js,medium,17,22.400000
matrix_multiplication,js,medium,18,22.700000
matrix_multiplication,js,medium,19,22.700000
matrix_multiplication,js,medium,20,22.600000
matrix_multiplication,js,medium,21,22.700000
matrix_multiplication,js,medium,22,22.700000
matrix_multiplication,js,medium,23,22.800000
matrix_multiplication,js,medium,24,22.700000
matrix_multiplication,js,medium,25,22.600000
matrix_multiplication,js,medium,26,22.600000
matrix_multiplication,js,medium,27,22.600000
matrix_multiplication,js,medium,28,22.500000
matrix_multiplication,js,medium,29,22.500000
matrix_multiplication,js,medium,30,22.000000
matrix_multiplication,wasm,medium,1,38.300000
matrix_multiplication,wasm,medium,2,37.800000
matrix_multiplication,wasm,medium,3,37.500000
matrix_multiplication,wasm,medium,4,37.500000
matrix_multiplication,wasm,medium,5,37.500000
matrix_multiplication,wasm,medium,6,38.300000
matrix_multiplication,wasm,medium,7,38.000000
matrix_multiplication,wasm,medium,8,38.000000
matrix_multiplication,wasm,medium,9,37.900000
matrix_multiplication,wasm,medium,10,38.400000
matrix_multiplication,wasm,medium,11,37.900000
matrix_multiplication,wasm,medium,12,37.900000
matrix_multiplication,wasm,medium,13,37.600000
matrix_multiplication,wasm,medium,14,38.100000
matrix_multiplication,wasm,medium,15,38.300000
matrix_multiplication,wasm,medium,16,37.400000
matrix_multiplication,wasm,medium,17,37.900000
matrix_multiplication,wasm,medium,18,38.000000
matrix_multiplication,wasm,medium,19,37.700000
matrix_multiplication,wasm,medium,20,38.300000
matrix_multiplication,wasm,medium,21,38.200000
matrix_multiplication,wasm,medium,22,38.100000
matrix_multiplication,wasm,medium,23,38.000000
matrix_multiplication,wasm,medium,24,37.900000
matrix_multiplication,wasm,medium,25,37.900000
matrix_multiplication,wasm,medium,26,37.900000
matrix_multiplication,wasm,medium,27,38.000000
matrix_multiplication,wasm,medium,28,37.800000
matrix_multiplication,wasm,medium,29,37.800000
matrix_multiplication,wasm,medium,30,38.000000
matrix_multiplication,js,large,1,179.300000
matrix_multiplication,js,large,2,179.100000
matrix_multiplication,js,large,3,179.400000
matrix_multiplication,js,large,4,178.700000
matrix_multiplication,js,large,5,179.000000
matrix_multiplication,js,large,6,179.300000
matrix_multiplication,js,large,7,179.100000
matrix_multiplication,js,large,8,179.900000
matrix_multiplication,js,large,9,181.700000
matrix_multiplication,js,large,10,182.100000
matrix_multiplication,js,large,11,180.100000
matrix_multiplication,js,large,12,178.200000
matrix_multiplication,js,large,13,178.800000
matrix_multiplication,js,large,14,180.000000
matrix_multiplication,js,large,15,180.700000
matrix_multiplication,js,large,16,179.200000
matrix_multiplication,js,large,17,179.600000
matrix_multiplication,js,large,18,178.800000
matrix_multiplication,js,large,19,180.600000
matrix_multiplication,js,large,20,178.400000
matrix_multiplication,js,large,21,180.200000
matrix_multiplication,js,large,22,179.300000
matrix_multiplication,js,large,23,178.300000
matrix_multiplication,js,large,24,180.500000
matrix_multiplication,js,large,25,179.100000
matrix_multiplication,js,large,26,180.200000
matrix_multiplication,js,large,27,179.900000
matrix_multiplication,js,large,28,180.300000
matrix_multiplication,js,large,29,179.700000
matrix_multiplication,js,large,30,180.000000
matrix_multiplication,wasm,large,1,306.600000
matrix_multiplication,wasm,large,2,322.000000
matrix_multiplication,wasm,large,3,308.600000
matrix_multiplication,wasm,large,4,307.500000
matrix_multiplication,wasm,large,5,310.900000
matrix_multiplication,wasm,large,6,311.000000
matrix_multiplication,wasm,large,7,308.600000
matrix_multiplication,wasm,large,8,310.500000
matrix_multiplication,wasm,large,9,309.200000
matrix_multiplication,wasm,large,10,310.100000
matrix_multiplication,wasm,large,11,308.100000
matrix_multiplication,wasm,large,12,308.500000
matrix_multiplication,wasm,large,13,310.400000
matrix_multiplication,wasm,large,14,308.600000
matrix_multiplication,wasm,large,15,310.100000
matrix_multiplication,wasm,large,16,311.000000
matrix_multiplication,wasm,large,17,313.400000
matrix_multiplication,wasm,large,18,312.400000
matrix_multiplication,wasm,large,19,310.000000
matrix_multiplication,wasm,large,20,308.800000
matrix_multiplication,wasm,large,21,309.200000
matrix_multiplication,wasm,large,22,309.100000
matrix_multiplication,wasm,large,23,309.100000
matrix_multiplication,wasm,large,24,310.100000
matrix_multiplication,wasm,large,25,309.300000
matrix_multiplication,wasm,large,26,309.900000
matrix_multiplication,wasm,large,27,309.800000
matrix_multiplication,wasm,large,28,309.300000
matrix_multiplication,wasm,large,29,309.800000
matrix_multiplication,wasm,large,30,310.200000
matrix_multiplication,js,very_large,1,2334.700000
matrix_multiplication,js,very_large,2,2307.900000
matrix_multiplication,js,very_large,3,2315.600000
matrix_multiplication,js,very_large,4,2283.600000
matrix_multiplication,js,very_large,5,2295.400000
matrix_multiplication,js,very_large,6,2323.200000
matrix_multiplication,js,very_large,7,2279.200000
matrix_multiplication,js,very_large,8,2330.200000
matrix_multiplication,js,very_large,9,2302.200000
matrix_multiplication,js,very_large,10,2287.900000
matrix_multiplication,js,very_large,11,2326.200000
matrix_multiplication,js,very_large,12,2302.400000
matrix_multiplication,js,very_large,13,2300.000000
matrix_multiplication,js,very_large,14,2335.600000
matrix_multiplication,js,very_large,15,2388.700000
matrix_multiplication,js,very_large,16,2338.000000
matrix_multiplication,js,very_large,17,2360.700000
matrix_multiplication,js,very_large,18,2356.100000
matrix_multiplication,js,very_large,19,2351.500000
matrix_multiplication,js,very_large,20,2517.200000
matrix_multiplication,js,very_large,21,2531.200000
matrix_multiplication,js,very_large,22,2685.300000
matrix_multiplication,js,very_large,23,2529.300000
matrix_multiplication,js,very_large,24,2486.700000
matrix_multiplication,js,very_large,25,2375.900000
matrix_multiplication,js,very_large,26,2383.600000
matrix_multiplication,js,very_large,27,2344.800000
matrix_multiplication,js,very_large,28,2537.700000
matrix_multiplication,js,very_large,29,2602.800000
matrix_multiplication,js,very_large,30,2533.600000
matrix_multiplication,wasm,very_large,1,3486.100000
matrix_multiplication,wasm,very_large,2,3465.700000
matrix_multiplication,wasm,very_large,3,3575.600000
matrix_multiplication,wasm,very_large,4,3528.400000
matrix_multiplication,wasm,very_large,5,3444.400000
matrix_multiplication,wasm,very_large,6,3521.500000
matrix_multiplication,wasm,very_large,7,3700.900000
matrix_multiplication,wasm,very_large,8,3891.100000
matrix_multiplication,wasm,very_large,9,3696.100000
matrix_multiplication,wasm,very_large,10,3627.700000
matrix_multiplication,wasm,very_large,11,3678.600000
matrix_multiplication,wasm,very_large,12,3852.400000
matrix_multiplication,wasm,very_large,13,3671.300000
matrix_multiplication,wasm,very_large,14,3634.800000
matrix_multiplication,wasm,very_large,15,3756.900000
matrix_multiplication,wasm,very_large,16,3832.500000
matrix_multiplication,wasm,very_large,17,3937.200000
matrix_multiplication,wasm,very_large,18,3589.700000
matrix_multiplication,wasm,very_large,19,3601.900000
matrix_multiplication,wasm,very_large,20,3568.600000
matrix_multiplication,wasm,very_large,21,3539.600000
matrix_multiplication,wasm,very_large,22,3719.600000
matrix_multiplication,wasm,very_large,23,3728.000000
matrix_multiplication,wasm,very_large,24,3625.400000
matrix_multiplication,wasm,very_large,25,3574.600000
matrix_multiplication,wasm,very_large,26,3661.600000
matrix_multiplication,wasm,very_large,27,3698.800000
matrix_multiplication,wasm,very_large,28,3561.900000
matrix_multiplication,wasm,very_large,29,3681.300000
matrix_multiplication,wasm,very_large,30,3601.200000